frequency_group,lag,n_pairs,correlation
low,1,1027,0.47963265131830235
low,2,1013,0.1845568453972445
low,3,998,-0.01260679207218696
low,4,988,-0.07893988020691348
low,5,976,-0.11273219383207357
low,6,965,-0.13969592785433613
low,7,951,-0.08918333061468896
low,8,944,-0.09436705884761457
low,9,936,-0.09199426438173132
low,10,931,-0.11578928518966203
low,11,922,-0.1505407104132521
low,12,916,-0.13195374786430492
low,13,907,-0.163194636876203
low,14,900,-0.17321995356075157
mid,1,1027,0.24041303362696087
mid,2,1013,0.050371091361356875
mid,3,998,-0.009825756544454002
mid,4,988,-0.03150810390304054
mid,5,976,-0.05072091191756799
mid,6,965,-0.09029941486499583
mid,7,951,-0.05305059792111778
mid,8,944,-0.062198175674865054
mid,9,936,-0.11536371430045089
mid,10,931,-0.09746797509824741
mid,11,922,-0.10909655037316919
mid,12,916,-0.0782648227783685
mid,13,907,-0.07303749167341603
mid,14,900,-0.06297307929271515
high,1,1027,0.3903464276677665
high,2,1013,0.24186550458715672
high,3,998,0.2558880187532291
high,4,988,0.11555253418411345
high,5,976,0.017808496455701914
high,6,965,-0.04759066409652004
high,7,951,-0.059028579003927974
high,8,944,-0.1606184466171614
high,9,936,-0.20754748443214563
high,10,931,-0.19422794609732263
high,11,922,-0.23762667239278298
high,12,916,-0.26707648932850653
high,13,907,-0.2696026612161622
high,14,900,-0.20589116244948882
